,Height(Inches),Weight(Pounds)
count,25000.0,25000.0
mean,67.99311359679979,127.07942116079916
std,1.9016787712056042,11.660897563604287
min,60.27836,78.01476
25%,66.7043975,119.30867500000001
50%,67.9957,127.15775
75%,69.2729575,134.89285
max,75.1528,170.924
missing values,0,0
outliers,33,29
